{"cameraMode":{"drawMode":0,"name":"Shaded","section":"Shading Mode"},"sceneLighting":true,"audioPlay":false,"sceneViewState":{"showFog":true,"showMaterialUpdate":false,"showSkybox":true,"showFlares":true,"showImageEffects":true,"showParticleSystems":true,"showVisualEffectGraphs":true,"m_FxEnabled":true},"in2DMode":false,"pivot":{"x":0.5762909650802612,"y":3.2048237323760988,"z":-25.48654556274414},"rotation":{"x":0.06594132632017136,"y":-0.017959846183657647,"z":0.0011870685266330839,"w":0.9976609945297241},"size":5.104889869689941,"orthographic":false}